{
  "step_2500": {
    "ap_per_class": {
      "car": 0.04958352534487672,
      "elephant": 0.08323082702930867,
      "pizza": 0.20549798457768267,
      "laptop": 0.04745147626117827,
      "stop sign": 0.2152640219760629,
      "teddy bear": 0.41666659722223376,
      "clock": 0.1605263077631583,
      "banana": 0.33333322222225925,
      "dining table": 0.13743284333560013,
      "person": 0.03514380897649415,
      "traffic light": 0.16358023782578926,
      "baseball bat": 0.0,
      "couch": 0.032022484553928005,
      "chair": 0.02731995088363627,
      "bowl": 0.0001072501068245116,
      "apple": 0.01859504116863602,
      "horse": 0.06139135122828676,
      "cup": 0.011629347531421447,
      "spoon": 0.0,
      "book": 0.04818526531086424,
      "bottle": 0.005887398877792456,
      "cell phone": 0.099999980000004,
      "bus": 0.15947626030283713,
      "dog": 0.0,
      "tv": 0.1331022802853242,
      "knife": 0.99999950000025,
      "vase": 0.0015999999360000025,
      "orange": 0.0,
      "fork": 0.20833330729166993,
      "suitcase": 0.00028011204215019344,
      "bicycle": 0.03907698075989923,
      "truck": 0.05859572701216449,
      "bed": 0.00044321329173348885,
      "sandwich": 0.10953370123651407,
      "wine glass": 0.0008041934374060785,
      "bench": 0.49999996428571686,
      "skis": 0.0,
      "train": 0.031227611821615556,
      "keyboard": 0.1599999680000064,
      "mouse": 0.16666661111112963,
      "handbag": 0.0,
      "motorcycle": 0.07957559407299011,
      "remote": 0.07730923648207289,
      "cat": 0.5243271159112196,
      "backpack": 0.006325730542955314,
      "refrigerator": 0.05555554629629784,
      "surfboard": 0.034610690575390395,
      "microwave": 0.0,
      "hot dog": 0.0,
      "tie": 0.0,
      "umbrella": 0.16666664583333596,
      "donut": 0.09022890381306578,
      "sports ball": 0.0,
      "carrot": 0.0,
      "fire hydrant": 0.6562499179687603,
      "sink": 0.0,
      "skateboard": 0.3964285218750062,
      "scissors": 0.0833333125000052,
      "oven": 0.19880951907596386,
      "potted plant": 0.19840322224887996,
      "snowboard": 0.9999990000010001,
      "cake": 0.007014590339066875,
      "tennis racket": 0.12499996875000781,
      "bird": 0.0,
      "boat": 0.1068376040981811,
      "toilet": 0.0,
      "kite": 0.0,
      "baseball glove": 0.9999990000010001,
      "frisbee": 0.9999990000010001,
      "giraffe": 0.05555554629629784
    },
    "mAP": 0.1512031002813279
  },
  "step_5000": {
    "ap_per_class": {
      "car": 0.013131550404302115,
      "elephant": 0.14274938539262821,
      "pizza": 0.25208722889084834,
      "laptop": 0.09658033866511961,
      "stop sign": 0.07903439116849158,
      "teddy bear": 0.5555553703704321,
      "clock": 0.16666661111112963,
      "banana": 0.0,
      "dining table": 0.06733162437909043,
      "person": 0.01356967121286197,
      "traffic light": 0.022444511425965076,
      "baseball bat": 0.0,
      "couch": 0.04874533961456255,
      "chair": 0.012841489077037738,
      "bowl": 0.003877809361553705,
      "apple": 0.006267409453294125,
      "horse": 0.005149379349984004,
      "cup": 0.035104363760176296,
      "spoon": 0.0019157088012507156,
      "book": 0.0816326501457727,
      "bottle": 0.005464205164596014,
      "cell phone": 0.33333322222225925,
      "bus": 0.08292563508419273,
      "dog": 0.0,
      "tv": 0.24343265184934715,
      "knife": 0.031141866680236212,
      "vase": 0.00013679890401807021,
      "orange": 0.2499998750000625,
      "fork": 0.21654134198654593,
      "suitcase": 0.10687778251760767,
      "bicycle": 0.1430234730243851,
      "truck": 0.06111559940450723,
      "bed": 0.015624998046875246,
      "sandwich": 0.026187998190169294,
      "wine glass": 0.009224266394700035,
      "bench": 0.046382188292756824,
      "skis": 0.0,
      "train": 0.0986984697497241,
      "keyboard": 0.0,
      "mouse": 0.0,
      "handbag": 0.04166666145833399,
      "motorcycle": 0.04545662166237821,
      "remote": 0.17499997812500276,
      "cat": 0.5320372338226874,
      "backpack": 0.005882352916460702,
      "refrigerator": 0.37499990625002344,
      "surfboard": 0.033841929719106545,
      "microwave": 0.33333322222225925,
      "hot dog": 0.0,
      "tie": 0.0,
      "umbrella": 0.020833330729166995,
      "donut": 0.34693872594752895,
      "sports ball": 0.0,
      "carrot": 0.0,
      "fire hydrant": 0.23815788878289487,
      "sink": 0.0,
      "skateboard": 0.161477408914278,
      "scissors": 0.03571428061224562,
      "oven": 0.26244180633556735,
      "potted plant": 0.33064515210573503,
      "snowboard": 0.9999990000010001,
      "cake": 0.0005624296956553096,
      "tennis racket": 0.202947831308715,
      "bird": 0.0,
      "boat": 0.023951246951682464,
      "toilet": 0.0,
      "kite": 0.0,
      "baseball glove": 0.9999990000010001,
      "frisbee": 0.0,
      "giraffe": 0.03703703497942398
    },
    "mAP": 0.12111026068053758
  }
}